{"circle": {"means": {"training_time": 77.91428518295288, "eval_loss": 0.44077164456248286, "inference_time": 5.414263010025024, "kl_divergence": 0.3215613064534533}}, "dino": {"means": {"training_time": 77.60624504089355, "eval_loss": 0.6620898112654686, "inference_time": 5.5297040939331055, "kl_divergence": 1.1358926010132433}}, "line": {"means": {"training_time": 76.39619207382202, "eval_loss": 0.8038051545619964, "inference_time": 5.560108184814453, "kl_divergence": 0.1470914353626306}}, "moons": {"means": {"training_time": 78.3693220615387, "eval_loss": 0.6119228318333626, "inference_time": 5.550292015075684, "kl_divergence": 0.09421610136423167}}}