{"final_train_loss": 0.8162862658500671, "best_val_loss": 1.4662466049194336, "total_train_time": 11482.120190382004, "avg_inference_tokens_per_second": 46.42843237618153}