{"final_train_loss": 0.8137794137001038, "best_val_loss": 1.462856411933899, "total_train_time": 49174.520917892456, "avg_inference_tokens_per_second": 61.97494698795274}